"filename", "language", "JSON", "Python", "pip requirements", "Markdown", "Draw.io", "XML", "CSV", "comment", "blank", "total"
"d:\My Workspaces\2024\oquant\.idea\inspectionProfiles\Project_Default.xml", "XML", 0, 0, 0, 0, 0, 15, 0, 0, 0, 15
"d:\My Workspaces\2024\oquant\.idea\inspectionProfiles\profiles_settings.xml", "XML", 0, 0, 0, 0, 0, 6, 0, 0, 0, 6
"d:\My Workspaces\2024\oquant\.idea\misc.xml", "XML", 0, 0, 0, 0, 0, 7, 0, 0, 0, 7
"d:\My Workspaces\2024\oquant\.idea\modules.xml", "XML", 0, 0, 0, 0, 0, 8, 0, 0, 0, 8
"d:\My Workspaces\2024\oquant\.idea\oquant.iml", "XML", 0, 0, 0, 0, 0, 12, 0, 0, 0, 12
"d:\My Workspaces\2024\oquant\.idea\vcs.xml", "XML", 0, 0, 0, 0, 0, 6, 0, 0, 0, 6
"d:\My Workspaces\2024\oquant\.idea\workspace.xml", "XML", 0, 0, 0, 0, 0, 62, 0, 0, 0, 62
"d:\My Workspaces\2024\oquant\README.md", "Markdown", 0, 0, 0, 59, 0, 0, 0, 0, 34, 93
"d:\My Workspaces\2024\oquant\arch.drawio", "Draw.io", 0, 0, 0, 0, 256, 0, 0, 0, 0, 256
"d:\My Workspaces\2024\oquant\common\calendar.csv", "CSV", 0, 0, 0, 0, 0, 0, 8313, 0, 1, 8314
"d:\My Workspaces\2024\oquant\common\calendar.py", "Python", 0, 38, 0, 0, 0, 0, 0, 0, 8, 46
"d:\My Workspaces\2024\oquant\common\constant.py", "Python", 0, 32, 0, 0, 0, 0, 0, 0, 8, 40
"d:\My Workspaces\2024\oquant\common\option_strategy.ipynb", "JSON", 83, 0, 0, 0, 0, 0, 0, 0, 1, 84
"d:\My Workspaces\2024\oquant\common\utilities.py", "Python", 0, 25, 0, 0, 0, 0, 0, 5, 11, 41
"d:\My Workspaces\2024\oquant\requirements.txt", "pip requirements", 0, 0, 135, 0, 0, 0, 0, 0, 0, 135
"d:\My Workspaces\2024\oquant\strategy_center\center\base.py", "Python", 0, 188, 0, 0, 0, 0, 0, 0, 57, 245
"d:\My Workspaces\2024\oquant\strategy_center\center\data_feed.py", "Python", 0, 227, 0, 0, 0, 0, 0, 5, 45, 277
"d:\My Workspaces\2024\oquant\strategy_center\center\engine.py", "Python", 0, 22, 0, 0, 0, 0, 0, 10, 11, 43
"d:\My Workspaces\2024\oquant\strategy_center\center\mq.py", "Python", 0, 137, 0, 0, 0, 0, 0, 196, 53, 386
"d:\My Workspaces\2024\oquant\strategy_center\center\option_group.py", "Python", 0, 159, 0, 0, 0, 0, 0, 11, 33, 203
"d:\My Workspaces\2024\oquant\strategy_center\center\store.py", "Python", 0, 250, 0, 0, 0, 0, 0, 1, 49, 300
"d:\My Workspaces\2024\oquant\strategy_center\center\strategies\dual_dragon.py", "Python", 0, 44, 0, 0, 0, 0, 0, 1, 15, 60
"d:\My Workspaces\2024\oquant\strategy_center\center\strategy.py", "Python", 0, 131, 0, 0, 0, 0, 0, 1, 21, 153
"d:\My Workspaces\2024\oquant\strategy_center\center\trader.py", "Python", 0, 275, 0, 0, 0, 0, 0, 7, 47, 329
"d:\My Workspaces\2024\oquant\strategy_center\main.py", "Python", 0, 38, 0, 0, 0, 0, 0, 1, 9, 48
"d:\My Workspaces\2024\oquant\test\mmmq.py", "Python", 0, 150, 0, 0, 0, 0, 0, 11, 31, 192
"d:\My Workspaces\2024\oquant\test\mong.ipynb", "JSON", 257, 0, 0, 0, 0, 0, 0, 0, 1, 258
"d:\My Workspaces\2024\oquant\test\mq.ipynb", "JSON", 182, 0, 0, 0, 0, 0, 0, 0, 1, 183
"d:\My Workspaces\2024\oquant\test\test.ipynb", "JSON", 254, 0, 0, 0, 0, 0, 0, 0, 1, 255
"d:\My Workspaces\2024\oquant\test\test_mq.py", "Python", 0, 54, 0, 0, 0, 0, 0, 6, 9, 69
"Total", "-", 776, 1770, 135, 59, 256, 116, 8313, 255, 446, 12126